<?xml version="1.0" encoding="UTF-8"?>
<metadata xml:lang="en"><Esri><CreaDate>20180327</CreaDate><CreaTime>15312600</CreaTime><ArcGISFormat>1.0</ArcGISFormat><SyncOnce>TRUE</SyncOnce><DataProperties><itemProps><itemLocation><linkage Sync="TRUE">file://\\KABIRAJ\F$\Naxa\Running\OSM\planet_85.375364,27.639862_85.600134,27.811261.osm.shp\planet_85.375364,27.639862_85.600134,27.811261-shp\shape\Extracted\Place_of_worship</linkage><protocol Sync="TRUE">Local Area Network</protocol></itemLocation></itemProps><copyHistory><copy source="F:\Naxa\Running\OSM\planet_85.375364,27.639862_85.600134,27.811261.osm.shp\planet_85.375364,27.639862_85.600134,27.811261-shp\shape\Place_of_worship" dest="\\KABIRAJ\F$\Naxa\Running\OSM\planet_85.375364,27.639862_85.600134,27.811261.osm.shp\planet_85.375364,27.639862_85.600134,27.811261-shp\shape\Extracted\Place_of_worship" date="20180319" time="13080400"></copy></copyHistory></DataProperties></Esri></metadata>
